first_name,last_name,email
Steven,King,SKING
Neena,Kochhar,NKOCHHAR
Lex,"De Haan",LDEHAAN
Alexander,Hunold,AHUNOLD
Bruce,Ernst,BERNST
David,Austin,DAUSTIN
Valli,Pataballa,VPATABAL
Diana,Lorentz,DLORENTZ
Nancy,Greenberg,NGREENBE
Daniel,Faviet,DFAVIET
John,Chen,JCHEN
Ismael,Sciarra,ISCIARRA
"Jose Manuel",Urman,JMURMAN
Luis,Popp,LPOPP
Den,Raphaely,DRAPHEAL
Alexander,Khoo,AKHOO
Shelli,Baida,SBAIDA
Sigal,Tobias,STOBIAS
Guy,Himuro,GHIMURO
Karen,Colmenares,KCOLMENA
Matthew,Weiss,MWEISS
Adam,Fripp,AFRIPP
Payam,Kaufling,PKAUFLIN
Shanta,Vollman,SVOLLMAN
Kevin,Mourgos,KMOURGOS
Julia,Nayer,JNAYER
Irene,Mikkilineni,IMIKKILI
James,Landry,JLANDRY
Steven,Markle,SMARKLE
Laura,Bissot,LBISSOT
Mozhe,Atkinson,MATKINSO
James,Marlow,JAMRLOW
TJ,Olson,TJOLSON
Jason,Mallin,JMALLIN
Michael,Rogers,MROGERS
Ki,Gee,KGEE
Hazel,Philtanker,HPHILTAN
Renske,Ladwig,RLADWIG
Stephen,Stiles,SSTILES
John,Seo,JSEO
Joshua,Patel,JPATEL
Trenna,Rajs,TRAJS
Curtis,Davies,CDAVIES
Randall,Matos,RMATOS
Peter,Vargas,PVARGAS
John,Russell,JRUSSEL
Karen,Partners,KPARTNER
Alberto,Errazuriz,AERRAZUR
Gerald,Cambrault,GCAMBRAU
Eleni,Zlotkey,EZLOTKEY
Peter,Tucker,PTUCKER
David,Bernstein,DBERNSTE
Peter,Hall,PHALL
Christopher,Olsen,COLSEN
Nanette,Cambrault,NCAMBRAU
Oliver,Tuvault,OTUVAULT
Janette,King,JKING
Patrick,Sully,PSULLY
Allan,McEwen,AMCEWEN
Lindsey,Smith,LSMITH
Louise,Doran,LDORAN
Sarath,Sewall,SSEWALL
Clara,Vishney,CVISHNEY
Danielle,Greene,DGREENE
Mattea,Marvins,MMARVINS
David,Lee,DLEE
Sundar,Ande,SANDE
Amit,Banda,ABANDA
Lisa,Ozer,LOZER
Harrison,Bloom,HBLOOM
Tayler,Fox,TFOX
William,Smith,WSMITH
Elizabeth,Bates,EBATES
Sundita,Kumar,SKUMAR
Ellen,Abel,EABEL
Alyssa,Hutton,AHUTTON
Jonathon,Taylor,JTAYLOR
Jack,Livingston,JLIVINGS
Kimberely,Grant,KGRANT
Charles,Johnson,CJOHNSON
Winston,Taylor,WTAYLOR
Jean,Fleaur,JFLEAUR
Martha,Sullivan,MSULLIVA
Girard,Geoni,GGEONI
Nandita,Sarchand,NSARCHAN
Alexis,Bull,ABULL
Julia,Dellinger,JDELLING
Anthony,Cabrio,ACABRIO
Kelly,Chung,KCHUNG
Jennifer,Dilly,JDILLY
Timothy,Gates,TGATES
Randall,Perkins,RPERKINS
Sarah,Bell,SBELL
Britney,Everett,BEVERETT
Samuel,McCain,SMCCAIN
Vance,Jones,VJONES
Alana,Walsh,AWALSH
Kevin,Feeney,KFEENEY
Donald,OConnell,DOCONNEL
Douglas,Grant,DGRANT
Jennifer,Whalen,JWHALEN
Michael,Hartstein,MHARTSTE
Pat,Fay,PFAY
Susan,Mavris,SMAVRIS
Hermann,Baer,HBAER
Shelley,Higgins,SHIGGINS
William,Gietz,WGIETZ
