employee_id,first_name,last_name,email,phone_number,hire_date,job_id,salary,commission_pct,manager_id,department_id
100,Steven,King,SKING,515.123.4567,1987-06-17,AD_PRES,24000,NULL,NULL,90
101,Neena,Kochhar,NKOCHHAR,515.123.4568,1989-09-21,AD_VP,17000,NULL,100,90
102,Lex,"De Haan",LDEHAAN,515.123.4569,1993-01-13,AD_VP,17000,NULL,100,90
103,Alexander,Hunold,AHUNOLD,590.423.4567,1990-01-03,IT_PROG,9000,NULL,102,60
104,Bruce,Ernst,BERNST,590.423.4568,1991-05-21,IT_PROG,6000,NULL,103,60
105,David,Austin,DAUSTIN,590.423.4569,1997-06-25,IT_PROG,4800,NULL,103,60
106,Valli,Pataballa,VPATABAL,590.423.4560,1998-02-05,IT_PROG,4800,NULL,103,60
107,Diana,Lorentz,DLORENTZ,590.423.5567,1999-02-07,IT_PROG,4200,NULL,103,60
108,Nancy,Greenberg,NGREENBE,515.124.4569,1994-08-17,FI_MGR,12000,NULL,101,100
109,Daniel,Faviet,DFAVIET,515.124.4169,1994-08-16,FI_ACCOUNT,9000,NULL,108,100
110,John,Chen,JCHEN,515.124.4269,1997-09-28,FI_ACCOUNT,8200,NULL,108,100
111,Ismael,Sciarra,ISCIARRA,515.124.4369,1997-09-30,FI_ACCOUNT,7700,NULL,108,100
112,"Jose Manuel",Urman,JMURMAN,515.124.4469,1998-03-07,FI_ACCOUNT,7800,NULL,108,100
113,Luis,Popp,LPOPP,515.124.4567,1999-12-07,FI_ACCOUNT,6900,NULL,108,100
114,Den,Raphaely,DRAPHEAL,515.127.4561,1994-12-07,PU_MAN,11000,NULL,100,30
115,Alexander,Khoo,AKHOO,515.127.4562,1995-05-18,PU_CLERK,3100,NULL,114,30
116,Shelli,Baida,SBAIDA,515.127.4563,1997-12-24,PU_CLERK,2900,NULL,114,30
117,Sigal,Tobias,STOBIAS,515.127.4564,1997-07-24,PU_CLERK,2800,NULL,114,30
118,Guy,Himuro,GHIMURO,515.127.4565,1998-11-15,PU_CLERK,2600,NULL,114,30
119,Karen,Colmenares,KCOLMENA,515.127.4566,1999-08-10,PU_CLERK,2500,NULL,114,30
120,Matthew,Weiss,MWEISS,650.123.1234,1996-07-18,ST_MAN,8000,NULL,100,50
121,Adam,Fripp,AFRIPP,650.123.2234,1997-04-10,ST_MAN,8200,NULL,100,50
122,Payam,Kaufling,PKAUFLIN,650.123.3234,1995-05-01,ST_MAN,7900,NULL,100,50
123,Shanta,Vollman,SVOLLMAN,650.123.4234,1997-10-10,ST_MAN,6500,NULL,100,50
124,Kevin,Mourgos,KMOURGOS,650.123.5234,1999-11-16,ST_MAN,5800,NULL,100,50
125,Julia,Nayer,JNAYER,650.124.1214,1997-07-16,ST_CLERK,3200,NULL,120,50
126,Irene,Mikkilineni,IMIKKILI,650.124.1224,1998-09-28,ST_CLERK,2700,NULL,120,50
127,James,Landry,JLANDRY,650.124.1334,1999-01-14,ST_CLERK,2400,NULL,120,50
128,Steven,Markle,SMARKLE,650.124.1434,2000-03-08,ST_CLERK,2200,NULL,120,50
129,Laura,Bissot,LBISSOT,650.124.5234,1997-08-20,ST_CLERK,3300,NULL,121,50
130,Mozhe,Atkinson,MATKINSO,650.124.6234,1997-10-30,ST_CLERK,2800,NULL,121,50
131,James,Marlow,JAMRLOW,650.124.7234,1997-02-16,ST_CLERK,2500,NULL,121,50
132,TJ,Olson,TJOLSON,650.124.8234,1999-04-10,ST_CLERK,2100,NULL,121,50
133,Jason,Mallin,JMALLIN,650.127.1934,1996-06-14,ST_CLERK,3300,NULL,122,50
134,Michael,Rogers,MROGERS,650.127.1834,1998-08-26,ST_CLERK,2900,NULL,122,50
135,Ki,Gee,KGEE,650.127.1734,1999-12-12,ST_CLERK,2400,NULL,122,50
136,Hazel,Philtanker,HPHILTAN,650.127.1634,2000-02-06,ST_CLERK,2200,NULL,122,50
137,Renske,Ladwig,RLADWIG,650.121.1234,1995-07-14,ST_CLERK,3600,NULL,123,50
138,Stephen,Stiles,SSTILES,650.121.2034,1997-10-26,ST_CLERK,3200,NULL,123,50
139,John,Seo,JSEO,650.121.2019,1998-02-12,ST_CLERK,2700,NULL,123,50
140,Joshua,Patel,JPATEL,650.121.1834,1998-04-06,ST_CLERK,2500,NULL,123,50
141,Trenna,Rajs,TRAJS,650.121.8009,1995-10-17,ST_CLERK,3500,NULL,124,50
142,Curtis,Davies,CDAVIES,650.121.2994,1997-01-29,ST_CLERK,3100,NULL,124,50
143,Randall,Matos,RMATOS,650.121.2874,1998-03-15,ST_CLERK,2600,NULL,124,50
144,Peter,Vargas,PVARGAS,650.121.2004,1998-07-09,ST_CLERK,2500,NULL,124,50
180,Winston,Taylor,WTAYLOR,650.507.9876,1998-01-24,SH_CLERK,3200,NULL,120,50
181,Jean,Fleaur,JFLEAUR,650.507.9877,1998-02-23,SH_CLERK,3100,NULL,120,50
182,Martha,Sullivan,MSULLIVA,650.507.9878,1999-06-21,SH_CLERK,2500,NULL,120,50
183,Girard,Geoni,GGEONI,650.507.9879,2000-02-03,SH_CLERK,2800,NULL,120,50
184,Nandita,Sarchand,NSARCHAN,650.509.1876,1996-01-27,SH_CLERK,4200,NULL,121,50
185,Alexis,Bull,ABULL,650.509.2876,1997-02-20,SH_CLERK,4100,NULL,121,50
186,Julia,Dellinger,JDELLING,650.509.3876,1998-06-24,SH_CLERK,3400,NULL,121,50
187,Anthony,Cabrio,ACABRIO,650.509.4876,1999-02-07,SH_CLERK,3000,NULL,121,50
188,Kelly,Chung,KCHUNG,650.505.1876,1997-06-14,SH_CLERK,3800,NULL,122,50
189,Jennifer,Dilly,JDILLY,650.505.2876,1997-08-13,SH_CLERK,3600,NULL,122,50
190,Timothy,Gates,TGATES,650.505.3876,1998-07-11,SH_CLERK,2900,NULL,122,50
191,Randall,Perkins,RPERKINS,650.505.4876,1999-12-19,SH_CLERK,2500,NULL,122,50
192,Sarah,Bell,SBELL,650.501.1876,1996-02-04,SH_CLERK,4000,NULL,123,50
193,Britney,Everett,BEVERETT,650.501.2876,1997-03-03,SH_CLERK,3900,NULL,123,50
194,Samuel,McCain,SMCCAIN,650.501.3876,1998-07-01,SH_CLERK,3200,NULL,123,50
195,Vance,Jones,VJONES,650.501.4876,1999-03-17,SH_CLERK,2800,NULL,123,50
196,Alana,Walsh,AWALSH,650.507.9811,1998-04-24,SH_CLERK,3100,NULL,124,50
197,Kevin,Feeney,KFEENEY,650.507.9822,1998-05-23,SH_CLERK,3000,NULL,124,50
198,Donald,OConnell,DOCONNEL,650.507.9833,1999-06-21,SH_CLERK,2600,NULL,124,50
199,Douglas,Grant,DGRANT,650.507.9844,2000-01-13,SH_CLERK,2600,NULL,124,50
200,Jennifer,Whalen,JWHALEN,515.123.4444,1987-09-17,AD_ASST,4400,NULL,101,10
201,Michael,Hartstein,MHARTSTE,515.123.5555,1996-02-17,MK_MAN,13000,NULL,100,20
202,Pat,Fay,PFAY,603.123.6666,1997-08-17,MK_REP,6000,NULL,201,20
203,Susan,Mavris,SMAVRIS,515.123.7777,1994-06-07,HR_REP,6500,NULL,101,40
204,Hermann,Baer,HBAER,515.123.8888,1994-06-07,PR_REP,10000,NULL,101,70
205,Shelley,Higgins,SHIGGINS,515.123.8080,1994-06-07,AC_MGR,12000,NULL,101,110
206,William,Gietz,WGIETZ,51hr5.123.8181,1994-06-07,AC_ACCOUNT,8300,NULL,205,110
